nome,metodo,carta,mazzi
Explosao Elemental do Azul,alias,Blue Elemental Blast,3
Clockwork Percusionist,alias,Clockwork Percussionist,2
Thormod’s Crypt,alias,Tormod's Crypt,2
Tresspasser's Curse,alias,Trespasser's Curse,2
Corrupted convinction,alias,Corrupted Conviction,1
Explosao elemental do azul,alias,Blue Elemental Blast,1
Explosão Elemental do Vermelho,alias,Red Elemental Blast,1
Floresta (#301),alias,Forest,1
Ilha (#295),alias,Island,1
Paisagem Distorcida,alias,Twisted Landscape,1
Percepção do Eviscerado,alias,Eviscerator's Insight,1
Vamipre's Kiss,alias,Vampire's Kiss,1
Village Rite,alias,Village Rites,1
afogar as mágoas,alias,Drown in Sorrow,1
arcon harvest,alias,Acorn Harvest,1
breath weapom,alias,Breath Weapon,1
dimor house guard,alias,Dimir House Guard,1
fanatic offering,alias,Fanatical Offering,1
hounting misery,alias,Haunting Misery,1
hunter's bowgun,alias,Hunter's Blowgun,1
murmuring mistic,alias,Murmuring Mystic,1
piroblast,alias,Pyroblast,1
"Darval, Whose Web Protects",alt,"Spider-Man, Web-Slinger",260
Wonderweave Aerialist,alt,Skyward Spider,131
Skittering Kitten,alt,Masked Meower,114
Leyline Weaver,alt,Spider Manifestation,86
"Wekhdu, Midnight Hunter",alt,"Swarm, Being of Bees",55
"Zan, Tunnelweb Explorer",alt,"Spider-Man, Brooklyn Visionary",16
"Chizak, Apex Arachnosaur",alt,"Spider-Rex, Daring Dino",2
Elfos de Llanowar,alt,Llanowar Elves,1
Hide in Mundanity,alt,Spider-Man No More,1
Knife Trick,alt,Pumpkin Bombardment,1
Negar,alt,Negate,1
Obscura Alleylurkers,alt,Doc Ock's Henchmen,1
Pântano,alt,Swamp,1
Romper,alt,Shatter,1
"Tethex, Gift of Malice",alt,"Venom, Evil Unleashed",1
Eldrazi Spawn Token,excluded,Eldrazi Spawn Token,1
Food Token,excluded,Food Token,1
Goblin,excluded,Goblin,1
Undercity Card // The Initiative Card,excluded,Undercity Card // The Initiative Card,1
Delver of Secrets,face,Delver of Secrets // Insectile Aberration,15324
Tithing Blade,face,Tithing Blade // Consuming Sepulcher,5051
The Modern Age,face,The Modern Age // Vector Glider,4646
Sagu Wildling,face,Sagu Wildling // Roost Seek,3889
Lunarch Veteran,face,Lunarch Veteran // Luminous Phantom,3554
Fang Dragon,face,Fang Dragon // Forktail Sweep,786
Stormshriek Feral,face,Stormshriek Feral // Flush Out,538
Guardian Naga,face,Guardian Naga // Banishing Coils,464
Pegasus Guardian,face,Pegasus Guardian // Rescue the Foal,344
Loyal Cathar,face,Loyal Cathar // Unhallowed Cathar,292
Okiba Reckoner Raid,face,Okiba Reckoner Raid // Nezumi Road Captain,241
Elite Interceptor,face,Elite Interceptor // Rejoinder,90
Merchant of the Vale,face,Merchant of the Vale // Haggle,68
Blessed Hippogriff,face,Blessed Hippogriff // Tyr's Blessing,49
Faerie Guidemother,face,Faerie Guidemother // Gift of the Fae,49
Rimrock Knight,face,Rimrock Knight // Boulder Rush,48
Dirgur Island Dragon,face,Dirgur Island Dragon // Skimming Strike,23
Ecstatic Awakener,face,Ecstatic Awakener // Awoken Demon,22
Besotted Knight,face,Besotted Knight // Betroth the Beast,20
"Smaug, the Great Calamity",face,"Smaug, the Great Calamity // Spew Flame",19
Sword Coast Serpent,face,Sword Coast Serpent // Capsizing Wave,19
Dread Linnorm,face,Dread Linnorm // Scale Deflection,18
Merfolk Secretkeeper,face,Merfolk Secretkeeper // Venture Deeper,15
Reaper of Night,face,Reaper of Night // Harvest Fear,13
Ulvenwald Captive,face,Ulvenwald Captive // Ulvenwald Abomination,13
Ferocious Werefox,face,Ferocious Werefox // Guard Change,12
Ettercap,face,Ettercap // Web Shot,11
Ardenvale Tactician,face,Ardenvale Tactician // Dizzying Swoop,8
"Bilbo Baggins, Burglar",face,"Bilbo Baggins, Burglar // Take a Glance",6
Young Blue Dragon,face,Young Blue Dragon // Sand Augury,5
Feral Deathgorger,face,Feral Deathgorger // Dusk Sight,4
Rosethorn Acolyte,face,Rosethorn Acolyte // Seasonal Ritual,4
Kindly Ancestor,face,Kindly Ancestor // Ancestor's Embrace,3
Riling Dawnbreaker,face,Riling Dawnbreaker // Signaling Roar,3
Vantress Transmuter,face,Vantress Transmuter // Croaking Curse,3
Colossal Badger,face,Colossal Badger // Dig Deep,2
Desperate Farmer,face,Desperate Farmer // Depraved Harvester,2
Lantern Bearer,face,Lantern Bearer // Lanterns' Lift,2
Smitten Swordmaster,face,Smitten Swordmaster // Curry Favor,2
Baithook Angler,face,Baithook Angler // Hook-Haunt Drifter,1
Beanstalk Wurm,face,Beanstalk Wurm // Plant Beans,1
Cheerful Osteomancer,face,Cheerful Osteomancer // Raise Dead,1
Curious Pair,face,Curious Pair // Treats to Share,1
Drogskol Infantry,face,Drogskol Infantry // Drogskol Armaments,1
Era of Enlightenment,face,Era of Enlightenment // Hand of Enlightenment,1
Fell Horseman,face,Fell Horseman // Deathly Ride,1
Hollow Scavenger,face,Hollow Scavenger // Bakery Raid,1
Queen of Ice,face,Queen of Ice // Rage of Winter,1
Ragged Recluse,face,Ragged Recluse // Odious Witch,1
Tarkir Duneshaper,face,Tarkir Duneshaper // Burnished Dunestomper,1
The Shattered States Era,face,The Shattered States Era // Nameless Conqueror,1
Velvetwing Butterflies,face,Velvetwing Butterflies // Gaze in Wonder,1
Village Messenger,face,Village Messenger // Moonrise Intruder,1
Young Red Dragon,face,Young Red Dragon // Bathe in Gold,1
Ilhota Emaranhada,foreign,Tangled Islet,3
Espiral de Crescimento,foreign,Growth Spiral,2
Explosao Hidrica,foreign,Hydroblast,2
Lorien Revelada,foreign,Lórien Revealed,2
Mistico dos Murmurios,foreign,Murmuring Mystic,2
Pulsação de Murasa,foreign,Pulse of Murasa,2
Resistir a Tempestade,foreign,Weather the Storm,2
Adiamento,foreign,Respite,1
Afogar em Mágoas,foreign,Drown in Sorrow,1
Amuleto de Thraben,foreign,Thraben Charm,1
Anular,foreign,Annul,1
Apagador de Jace,foreign,Jace's Erasure,1
Aqueduto Dimir,foreign,Dimir Aqueduct,1
Arqueomante,foreign,Archaeomancer,1
Arvore dos Contos,foreign,Tree of Tales,1
Barganha do Justiceiro,foreign,Reckoner's Bargain,1
Beira-mar Idilica,foreign,Idyllic Beachfront,1
Bruxuleio Fantasmagorico,foreign,Ghostly Flicker,1
Cacador Vingador,foreign,Avenging Hunter,1
Camara de Crescimento Simic,foreign,Simic Growth Chamber,1
Caminho Tortuoso,foreign,Winding Way,1
Caçador Vingador,foreign,Avenging Hunter,1
Chancelaria Azorius,foreign,Azorius Chancery,1
Charco Geotérmico,foreign,Geothermal Bog,1
Cidadela de Aco Negro,foreign,Darksteel Citadel,1
Cinzas às Cinzas,foreign,Ashes to Ashes,1
Conhecimento Acumulado,foreign,Accumulated Knowledge,1
Contemplar o Multiverso,foreign,Behold the Multiverse,1
Contemplar o multiverso,foreign,Behold the Multiverse,1
Contradicao Arcana,foreign,Arcane Denial,1
Crisálida Contorcida,foreign,Writhing Chrysalis,1
Demover,foreign,Cast Down,1
Demônio Mesmérico,foreign,Mesmeric Fiend,1
Desejador do Bem,foreign,Wellwisher,1
Desolacao Fumegante,foreign,Ash Barrens,1
Dignitario Corno-de-Pedra,foreign,Stonehorn Dignitary,1
Efemerar,foreign,Ephemerate,1
Elfo Vigia dos Pinheiros,foreign,Timberwatch Elf,1
Elfo do Arvoredo,foreign,Arbor Elf,1
Encontro de Mentes,foreign,Meeting of Minds,1
Ent Generoso,foreign,Generous Ent,1
Envolver,foreign,Envelop,1
Estalo,foreign,Snap,1
Estrondo Malevolo,foreign,Malevolent Rumble,1
Exalacoes Sufocantes,foreign,Suffocating Fumes,1
Explosão Hídrica,foreign,Hydroblast,1
Fada Macabra,foreign,Faerie Macabre,1
Familiar de Sunscape,foreign,Sunscape Familiar,1
Fazenda de Podridão Golgari,foreign,Golgari Rot Farm,1
Fiel do Farao-Deus,foreign,God-Pharaoh's Faithful,1
Floresta,foreign,Forest,1
Floresta da Neve,foreign,Snow-Covered Forest,1
Fluxo de Pensamento,foreign,Stream of Thought,1
Fogueira,foreign,Campfire,1
Fonte Icorídia,foreign,Ichor Wellspring,1
Guiar o Estouro,foreign,Lead the Stampede,1
Hidra Nyxnata,foreign,Nyxborn Hydra,1
Ilha,foreign,Island,1
Jardim de Khalni,foreign,Khalni Garden,1
Legacao,foreign,Bequeathal,1
Lodacal Mortuario,foreign,Mortuary Mire,1
Lodaçal Assombrado,foreign,Haunted Mire,1
Lâmina da Coleta // Sepulcro Consumidor,foreign,Tithing Blade // Consuming Sepulcher,1
Lórien Revelada,foreign,Lórien Revealed,1
Maldição do Elemental Azul,foreign,Blue Elemental Blast,1
Melodia Distante,foreign,Distant Melody,1
Mistico Elfico,foreign,Elvish Mystic,1
Momento de Eureca,foreign,Eureka Moment,1
Montanha,foreign,Mountain,1
Neblina,foreign,Fog,1
Oraculo do Portao Marinho,foreign,Sea Gate Oracle,1
Paisagem Agourenta,foreign,Foreboding Landscape,1
Paisagem Contaminada,foreign,Contaminated Landscape,1
Palavras de Sabedoria,foreign,Words of Wisdom,1
Pantano de Bojuka,foreign,Bojuka Bog,1
Patrulheiro Quirion,foreign,Quirion Ranger,1
Patrulheiros Betulineos,foreign,Birchlore Rangers,1
Patrulheiros Betulíneos,foreign,Birchlore Rangers,1
Paz Momentanea,foreign,Moment's Peace,1
Planicie,foreign,Plains,1
Po ao Po,foreign,Dust to Dust,1
Preordenar,foreign,Preordain,1
Pulsacao de Murasa,foreign,Pulse of Murasa,1
Pântano de Bojuka,foreign,Bojuka Bog,1
Rancor Antigo,foreign,Ancient Grudge,1
Ratos da Cripta,foreign,Crypt Rats,1
Reliquia de Progenitus,foreign,Relic of Progenitus,1
Resistir à Tempestade,foreign,Weather the Storm,1
Sacerdote de Titania,foreign,Priest of Titania,1
Sacerdote de Titânia,foreign,Priest of Titania,1
Saqueador Amaldiçoado,foreign,Accursed Marauder,1
Sentinela Leal,foreign,Loyal Sentry,1
Sentinela da Jaspera,foreign,Jaspera Sentinel,1
Tempestade Cerebral,foreign,Brainstorm,1
Trasgo Encrenqueiro,foreign,Troublemaker Ouphe,1
Trol de Khazad-dûm,foreign,Troll of Khazad-dûm,1
Vaga-Pensador,foreign,Mulldrifter,1
Vandalo Mascarado,foreign,Masked Vandal,1
Vendaval Glorioso,foreign,Glorious Gale,1
Vigiar,foreign,Keep Watch,1
Voces se Encontram numa Taverna,foreign,You Meet in a Tavern,1
Vândalo Mascarado,foreign,Masked Vandal,1
fiera gridatempesta,foreign,Stormshriek Feral // Flush Out,1
guidare l assalto,foreign,Lead the Stampede,1
pugno meteorico,foreign,Suplex,1
rosicchiare fino all osso,foreign,Gnaw to the Bone,1
troll di khazad dum,foreign,Troll of Khazad-dûm,1
vínculo vampirico,foreign,Vampiric Link,1
