sorgente,corretto
Tresspasser's Curse,Trespasser's Curse
Thormod's Crypt,Tormod's Crypt
hunter's bowgun,Hunter's Blowgun
Vamipre's Kiss,Vampire's Kiss
Clockwork Percusionist,Clockwork Percussionist
breath weapom,Breath Weapon
piroblast,Pyroblast
Corrupted convinction,Corrupted Conviction
Village Rite,Village Rites
fanatic offering,Fanatical Offering
murmuring mistic,Murmuring Mystic
dimor house guard,Dimir House Guard
hounting misery,Haunting Misery
arcon harvest,Acorn Harvest
Explosao Elemental do Azul,Blue Elemental Blast
Explosão Elemental do Vermelho,Red Elemental Blast
afogar as mágoas,Drown in Sorrow
Paisagem Distorcida,Twisted Landscape
Percepção do Eviscerado,Eviscerator's Insight
Floresta (#301),Forest
Ilha (#295),Island
