nome,carte,minimo,colori
Rakdos Madness,Alms of the Vein;Kitchen Imp;Vampire's Kiss,2,
Mono-Red Madness,Guttersnipe;Lava Dart;Fiery Temper;Kessig Flamebreather,2,
Familiars,Sunscape Familiar;God-Pharaoh's Faithful;Meeting of Minds,2,
Jeskai Ephemerate,Ephemerate;Union of the Third Path;Ride's End,2,
Terror,Tolarian Terror,1,1
Faeries,Spellstutter Sprite;Ninja of the Deep Hours,2,1
Elves,Timberwatch Elf;Priest of Titania;Birchlore Rangers;Quirion Ranger,2,
Spy Combo,Balustrade Spy;Dread Return;Gatecreeper Vine,2,
Tron,Urza's Tower;Urza's Mine;Urza's Power Plant,3,
Bogles,Slippery Bogle;Gladecover Scout;Armadillo Cloak,2,
Gruul Ponza,Mwonvuli Acid-Moss;Thermokarst;Annoyed Altisaur,2,
Affinity,Thoughtcast;Myr Enforcer,2,1
Mono-White Aggro,Guardians' Pledge;Raffine's Informant;Lunarch Veteran,2,
Storm,Desperate Ritual;Seething Song;Glimpse the Impossible,2,
Pestilence,Pestilence;Nutrient Block,2,
Mono-Red Rally,Rally at the Hornburg;Burning-Tree Emissary;Goblin Bushwhacker,2,
Jund Wildfire,Cleansing Wildfire;Krark-Clan Shaman;Writhing Chrysalis;Refurbished Familiar,3,
Gruul Ramp,Jewel Thief;Bannerhide Krushok;Malevolent Rumble;Utopia Sprawl,3,
Dimir Control,Thorn of the Black Rose;Baleful Strix;Murmuring Mystic;Suffocating Fumes;Counterspell,3,
Caw-Gates,Squadron Hawk;Sea Gate;Basilisk Gate,3,
Snacker Gates,Basilisk Gate;Citadel Gate;Sacred Cat;Sneaky Snacker,3,
Mardu Synthesizer,Experimental Synthesizer;Glint Hawk;Kor Skyfisher,3,
Mono-Black Sacrifice,Carrion Feeder;Mortician Beetle;Nested Shambler;Bloodthrone Vampire,3,
Burn,Lava Spike;Rift Bolt;Skewer the Critics,2,
Turbo Fog,Moment's Peace;Weather the Storm;Tangle;Growth Spiral;Arcane Denial,4,
Dredge,Stinkweed Imp;Dread Return;Lotleth Giant;Scrapwork Mutt,3,
Faeries,Spellstutter Sprite;Moon-Circuit Hacker;Faerie Seer,3,1
Affinity,Thoughtcast;Utrom Monitor,2,1
Affinity,Thoughtcast;Frogmite,2,1
