sorgente,metodo,esito,risultato,oracle_id,verificato
Adiamento,foreign,accettato,Respite,46137f00-f7f5-430a-857c-ff2dbf2d2579,2026-10-05
afogar as mágoas,fuzzy,scartato: troppo diverso,Drown in Sorrow,5c93ec85-f87f-4121-9fbf-61fd598d1e65,2026-10-05
Afogar em Mágoas,foreign,accettato,Drown in Sorrow,5c93ec85-f87f-4121-9fbf-61fd598d1e65,2026-10-05
Amuleto de Thraben,foreign,accettato,Thraben Charm,7eccd10d-f224-4467-af25-f2b768993f9f,2026-10-05
Anular,foreign,accettato,Annul,d08e9784-75f7-4164-ac48-d06160f8c56b,2026-10-05
Apagador de Jace,foreign,accettato,Jace's Erasure,bb7c069b-8d3f-4ba2-874b-8ec575fd6dd4,2026-10-05
Aqueduto Dimir,foreign,accettato,Dimir Aqueduct,378a1d57-e2f1-4b84-9692-1564602e9e99,2026-10-05
Arashin,fuzzy,non trovato,,,2026-10-05
Arqueomante,foreign,accettato,Archaeomancer,a91a3266-cadd-47a0-9b20-160307f14c07,2026-10-05
Arvore dos Contos,foreign,accettato,Tree of Tales,8b4aa971-b919-4750-8388-33d4f42c9280,2026-10-05
Barganha do Justiceiro,foreign,accettato,Reckoner's Bargain,044ea111-ce87-49ab-98f7-ae8447f48ac5,2026-10-05
Beira-mar Idilica,foreign,accettato,Idyllic Beachfront,0aea7e5d-40d7-46c7-a8a6-479cb8061e49,2026-10-05
Bruxuleio Fantasmagorico,foreign,accettato,Ghostly Flicker,ad0070db-6454-41cb-861f-8f5b8fc2a3b8,2026-10-05
Caçador Vingador,foreign,accettato,Avenging Hunter,e0aa5e3d-17c0-4ac7-9d76-9ce579d1eb2b,2026-10-05
cacciatore vendicativo,fuzzy,non trovato,,,2026-10-05
Camara de Crescimento Simic,foreign,accettato,Simic Growth Chamber,046f5783-cc7b-416a-8cf6-2bcef9c2cc1a,2026-10-05
Caminho Tortuoso,foreign,accettato,Winding Way,4e48e76c-8756-4378-a722-2e2929feb74f,2026-10-05
Chancelaria Azorius,foreign,accettato,Azorius Chancery,189fc8f4-17ac-4f1d-82c8-8401445bdaf4,2026-10-05
Charco Geotérmico,foreign,accettato,Geothermal Bog,e3b67368-1dd6-419b-a95d-7131b1dba23f,2026-10-05
Cidadela de Aco Negro,foreign,accettato,Darksteel Citadel,8dc067bf-f78f-4ac4-b6e7-b305c42cf0bc,2026-10-05
Cinzas às Cinzas,foreign,accettato,Ashes to Ashes,944a52d9-bb14-43c5-8d05-2afaf023dc9f,2026-10-05
Comodoro,fuzzy,scartato: troppo diverso,Crimson Fleet Commodore,d5ac319a-c870-4890-87c0-0e02f122f234,2026-10-05
Conhecimento Acumulado,foreign,accettato,Accumulated Knowledge,1ca25379-d194-4670-a7bf-525ad11cf436,2026-10-05
Contemplar o multiverso,foreign,accettato,Behold the Multiverse,d7d2f701-77df-4169-bf98-0d51d6886e9b,2026-10-05
Contradicao Arcana,foreign,accettato,Arcane Denial,ab1cc360-b9de-48d9-9983-4dfe4a7d2a37,2026-10-05
Crisálida Contorcida,foreign,accettato,Writhing Chrysalis,d27bebc9-348d-4b8e-816a-a4da66fb5618,2026-10-05
Demônio Mesmérico,foreign,accettato,Mesmeric Fiend,fb46b300-8a39-40d2-8bc7-31b90c822e22,2026-10-05
Demover,foreign,accettato,Cast Down,cdaab6b0-1a2d-4809-8e6b-56013acd8f78,2026-10-05
Desejador do Bem,foreign,accettato,Wellwisher,c3b1b7bd-cff8-4275-b6d3-868f4e4b2cc0,2026-10-05
Desolacao Fumegante,foreign,accettato,Ash Barrens,58257464-278e-45fa-8e0b-bcd9a7500bc1,2026-10-05
Dignitario Corno-de-Pedra,foreign,accettato,Stonehorn Dignitary,65368569-68bf-4498-9979-d2935942ca49,2026-10-05
Efemerar,foreign,accettato,Ephemerate,0fd57894-b917-41c8-a394-360d1d31b236,2026-10-05
Eldrazi Spawn Token,fuzzy,scartato: non giocabile,Eldrazi Spawn,3aaf906a-e749-4e86-ac79-97650b92f271,2026-10-05
Elfo do Arvoredo,foreign,accettato,Arbor Elf,4567a528-75f0-4ea6-b927-3a500caf76ac,2026-10-05
Elfo Vigia dos Pinheiros,foreign,accettato,Timberwatch Elf,50cee3ac-cba0-4abb-babf-de1928b1590e,2026-10-05
Encontro de Mentes,foreign,accettato,Meeting of Minds,3b91dc3e-46ef-4a68-829f-ef7d79598cf7,2026-10-05
Enredar,fuzzy,scartato: nessuna printing common,Snag,feb5e9a9-500a-4f20-881d-c97d052953ce,2026-10-05
Ent Generoso,foreign,accettato,Generous Ent,b6859c7a-4c4d-4652-938f-ecedce29d506,2026-10-05
Envolver,foreign,accettato,Envelop,30062dd0-c049-4872-8011-8b4810a3fa26,2026-10-05
Espiral de Crescimento,foreign,accettato,Growth Spiral,34bcc217-dd91-45a0-90d7-a94d02f1f317,2026-10-05
Estalo,foreign,accettato,Snap,ac914d98-221e-426c-8a50-342896b15f9e,2026-10-05
Estrondo Malevolo,foreign,accettato,Malevolent Rumble,d30d8968-ec24-4155-97e2-28efd52c8810,2026-10-05
Exalacoes Sufocantes,foreign,accettato,Suffocating Fumes,80c7b1b4-4e37-4aef-9432-d629d71b7045,2026-10-05
Explosao Elemental do Azul,fuzzy,non trovato,,,2026-10-05
Explosão Elemental do Vermelho,fuzzy,non trovato,,,2026-10-05
Explosão Hídrica,foreign,accettato,Hydroblast,b94c0336-2ca8-4bb1-bb1f-e9babd1826ad,2026-10-05
Fada Macabra,foreign,accettato,Faerie Macabre,c7d8beb6-472c-4758-9876-e8cbf98f4f72,2026-10-05
Familiar de Sunscape,foreign,accettato,Sunscape Familiar,615603bb-3899-4419-9444-e4b64c94a438,2026-10-05
Fazenda de Podridão Golgari,foreign,accettato,Golgari Rot Farm,1b301478-b14f-4ef8-94e6-9647d582eabe,2026-10-05
Fiel do Farao-Deus,foreign,accettato,God-Pharaoh's Faithful,3f86e6c6-fca5-43e9-88cc-4546cdd5f0ec,2026-10-05
fiera gridatempesta,foreign,accettato,Stormshriek Feral // Flush Out,e24916ff-7566-4f27-8e31-732311a4a88c,2026-10-05
Floresta,foreign,accettato,Forest,b34bb2dc-c1af-4d77-b0b3-a0fb342a5fc6,2026-10-05
Floresta (#301),fuzzy,non trovato,,,2026-10-05
Floresta da Neve,foreign,accettato,Snow-Covered Forest,5f0d3be8-e63e-4ade-ae58-6b0c14f2ce6d,2026-10-05
Fluxo de Pensamento,foreign,accettato,Stream of Thought,e5b29094-0bb4-4c18-ad47-dce4d4379a4f,2026-10-05
Fogueira,foreign,accettato,Campfire,011ff7a5-6bce-4784-a19b-e74f7b49b8f1,2026-10-05
Fonte Icorídia,foreign,accettato,Ichor Wellspring,5b5ef43b-13fd-4461-8d2d-18be65e9a790,2026-10-05
Food Token,fuzzy,non trovato,,,2026-10-05
gigante lothleth,fuzzy,non trovato,,,2026-10-05
Guiar o Estouro,foreign,accettato,Lead the Stampede,ea91be73-40f5-461a-bb39-d60216829a53,2026-10-05
guidare l assalto,foreign,accettato,Lead the Stampede,ea91be73-40f5-461a-bb39-d60216829a53,2026-10-05
Hidra Nyxnata,foreign,accettato,Nyxborn Hydra,4d1b655f-05b8-4b82-9cb9-67660f570a9b,2026-10-05
Ilha,foreign,accettato,Island,b2c6aa39-2d2a-459c-a555-fb48ba993373,2026-10-05
Ilha (#295),fuzzy,non trovato,,,2026-10-05
Ilhota Emaranhada,foreign,accettato,Tangled Islet,4b1f68a2-b606-4c64-bd44-a9714808316d,2026-10-05
Jardim de Khalni,foreign,accettato,Khalni Garden,b2d5ba45-8674-4428-89db-c2bbbf0bf5c5,2026-10-05
Lâmina da Coleta // Sepulcro Consumidor,foreign,accettato,Tithing Blade // Consuming Sepulcher,883a4180-9ede-4249-a4b8-3a29c998fb63,2026-10-05
Legacao,foreign,accettato,Bequeathal,2a9054ce-7276-4030-901a-cf6aa18f2b62,2026-10-05
Liquidar,fuzzy,scartato: nessuna printing common,Rip Apart,cbdbf18f-0180-4ade-a79e-1e644dd42d6f,2026-10-05
Lodaçal Assombrado,foreign,accettato,Haunted Mire,b0b58a03-462c-4964-97c7-42bc777ec23e,2026-10-05
Lodacal Mortuario,foreign,accettato,Mortuary Mire,1b3fb20a-e090-4286-9c03-6b71c27c45be,2026-10-05
Lórien Revelada,foreign,accettato,Lórien Revealed,66f28905-c7fc-4ada-8fa0-199626d9bedb,2026-10-05
Maldição do Elemental Azul,foreign,accettato,Blue Elemental Blast,65e1558c-6b09-4ddc-b520-f19f4fb972af,2026-10-05
Melodia Distante,foreign,accettato,Distant Melody,ac6c5852-71c7-4f19-8c87-ccb345052862,2026-10-05
Mistico dos Murmurios,foreign,accettato,Murmuring Mystic,dcd4da46-5438-4454-8b1b-43ca51bda1f9,2026-10-05
Mistico Elfico,foreign,accettato,Elvish Mystic,3f3b2c10-21f8-4e13-be83-4ef3fa36e123,2026-10-05
Momento de Eureca,foreign,accettato,Eureka Moment,0e2c11b2-d95f-4402-9a4a-afd3f7ffb8be,2026-10-05
Montanha,foreign,accettato,Mountain,a3fb7228-e76b-4e96-a40e-20b5fed75685,2026-10-05
Neblina,foreign,accettato,Fog,27e9db49-7af7-4bef-ad4c-bf5dfb92030d,2026-10-05
Oraculo do Portao Marinho,foreign,accettato,Sea Gate Oracle,b333c194-d285-4dfb-984c-57b7e88393af,2026-10-05
Paisagem Agourenta,foreign,accettato,Foreboding Landscape,bcfe1653-e602-4d38-abe7-bfcc7f203f9d,2026-10-05
Paisagem Contaminada,foreign,accettato,Contaminated Landscape,28196fd9-00c9-4cd0-b603-0eec8511ec79,2026-10-05
Paisagem Distorcida,fuzzy,scartato: troppo diverso,Twisted Landscape,db659cae-2078-423e-a6ed-63898dbab87f,2026-10-05
Palavras de Sabedoria,foreign,accettato,Words of Wisdom,cff1b9bb-2a4c-4522-94a4-a674f942e376,2026-10-05
Pântano de Bojuka,foreign,accettato,Bojuka Bog,04b7362d-0490-4cb0-b5d7-2a7732f659ce,2026-10-05
Patrulheiro Quirion,foreign,accettato,Quirion Ranger,3ecaefc8-ead2-47a3-a7ea-b030faab65a7,2026-10-05
Patrulheiros Betulíneos,foreign,accettato,Birchlore Rangers,667c5676-7a18-4fa9-b965-b26797538e23,2026-10-05
Paz Momentanea,foreign,accettato,Moment's Peace,b6d22228-a45e-4296-9ae2-1649e04b1c53,2026-10-05
Percepção do Eviscerado,fuzzy,scartato: troppo diverso,Eviscerator's Insight,81a398ee-e534-43b7-88fe-45155d6aba3a,2026-10-05
Planicie,foreign,accettato,Plains,bc71ebf6-2056-41f7-be35-b2e5c34afa99,2026-10-05
Po ao Po,foreign,accettato,Dust to Dust,b17eb586-0272-4d02-be75-de06ea044b6f,2026-10-05
Preordenar,foreign,accettato,Preordain,ac641490-ca14-48d7-8cc4-b69ce984befa,2026-10-05
Proibir - Impedir,fuzzy,non trovato,,,2026-10-05
pugno meteorico,foreign,accettato,Suplex,2d1bbeda-2e81-4aaa-9494-094ec3dd6c3b,2026-10-05
Pulsação de Murasa,foreign,accettato,Pulse of Murasa,d5b446a4-a761-42f0-acf0-ea0a1a9538d6,2026-10-05
Rancor Antigo,foreign,accettato,Ancient Grudge,306593b0-6ea8-476f-a3f2-e17876c1bab4,2026-10-05
Ratos da Cripta,foreign,accettato,Crypt Rats,104095ed-55e3-408e-bf70-4fe06bb16d2f,2026-10-05
Reliquia de Progenitus,foreign,accettato,Relic of Progenitus,6a9c3401-570c-41cb-a605-75dfa57d6ab7,2026-10-05
Resistir à Tempestade,foreign,accettato,Weather the Storm,3a091f7b-efc9-4aaa-9da8-157ef8099a36,2026-10-05
rosicchiare fino all osso,foreign,accettato,Gnaw to the Bone,7b92ac54-3883-48cf-b01e-be9797dc1649,2026-10-05
Sacerdote de Titânia,foreign,accettato,Priest of Titania,3a198a16-17b9-481e-b516-5bc945c7e247,2026-10-05
Saqueador Amaldiçoado,foreign,accettato,Accursed Marauder,d8ad23a1-0b43-48ea-9fbe-d89b29194509,2026-10-05
selvaggide di sangue,fuzzy,non trovato,,,2026-10-05
Sentinela da Jaspera,foreign,accettato,Jaspera Sentinel,e2f98813-4f39-4135-b05b-407e9eb797f6,2026-10-05
Sentinela Leal,foreign,accettato,Loyal Sentry,54b1a496-1f8e-4581-8260-bad57b25c6e3,2026-10-05
Tempestade Cerebral,foreign,accettato,Brainstorm,36cd2364-d113-47d1-b2c4-b088d9eb88dd,2026-10-05
Trasgo Encrenqueiro,foreign,accettato,Troublemaker Ouphe,16cdba97-73cf-44ba-9d64-f27009b829f8,2026-10-05
Trol de Khazad-dûm,foreign,accettato,Troll of Khazad-dûm,222fd9fc-7af4-4269-bbb9-cd7b8ac029bd,2026-10-05
troll di khazad dum,foreign,accettato,Troll of Khazad-dûm,222fd9fc-7af4-4269-bbb9-cd7b8ac029bd,2026-10-05
Undercity Card // The Initiative Card,fuzzy,scartato: non giocabile,Undercity // The Initiative,36b61021-72f0-4c22-a41d-9b2f093d7ca8,2026-10-05
Vaga-Pensador,foreign,accettato,Mulldrifter,24d0f5e7-0d9e-4b76-900e-a7274e80312d,2026-10-05
Vândalo Mascarado,foreign,accettato,Masked Vandal,210940f1-3c11-4877-bbfc-2429c03f98ee,2026-10-05
Vendaval Glorioso,foreign,accettato,Glorious Gale,858265c2-6415-4938-a6ec-734d53046100,2026-10-05
Vigiar,foreign,accettato,Keep Watch,847b5be5-cb0c-4857-bcd9-c5cfe55fdaeb,2026-10-05
vínculo vampirico,foreign,accettato,Vampiric Link,3f4521b4-1efd-4592-a50d-5ee9918df177,2026-10-05
Voces se Encontram numa Taverna,foreign,accettato,You Meet in a Tavern,c735077a-fae8-4c5f-a5bf-35969696460c,2026-10-05
